objectid,filename,youtubeid,title,format,description,creator,recipient,date,date-is-approximate?,item_information,subject,location,latitude,longitude,related_publication,publisher-digital,source,findingaid,original-identifier,identifier,rights,rightsstatement,type,language,relation
col01,impilo_yase_Sandton.mp3,,Impilo Yase Sandton,audio/mp3,Amapiano track by South African artists highlighting the Sandton lifestyle,"Kweyama Brothers, Mpura, Abidoza, Thabiso Lavish",,2021,yes,,Amapiano;music;South African culture,South Africa,,,,,Music Streaming Platform,,,impilo_yase_Sandton,Educational use,https://rightsstatements.org/vocab/InC-EDU/1.0/,Sound,eng,
col002,3c_live_mukutsuri_official_music_video_mp3_31205.mp3,,Mutsukuri,audio/mp3,Uplifting gospel song by 3C Live Gospel Team,3C,,2024,yes,,gospel;worship;spirituality,"Pretoria, South Africa",,,,,Music Streaming Platform,,,3c_live_mukutsuri_official_music_video_mp3_31205,Educational use,https://rightsstatements.org/vocab/InC-EDU/1.0/,Sound,eng,
col003,Forever Young – Alphaville.mp3,,Forever Young,audio/mp3,Classic synth-pop song reflecting on the desire for youth and timelessness,Alphaville,,1984,yes,,synth-pop;80s music;nostalgia,"Berlin, Germany",,,,,Music Streaming Platform,,,Forever Young – Alphaville,Educational use,https://rightsstatements.org/vocab/InC-EDU/1.0/,Sound,eng,
col04,Dolce Vita – Ryan Paris.mp3,,Dolce Vita,audio/mp3,Italian disco hit celebrating the 'sweet life' with an upbeat and nostalgic tone.,Ryan Paris,,2009,yes,,italo disco;80s music;nostalgia,"Rome, Italy",,,,,Music Streaming Platform,,,Dolce Vita – Ryan Paris,Educational use,https://rightsstatements.org/vocab/InC-EDU/1.0/,Sound,eng,
col05,Bohemian_Rhapsody-Queen.mp3,,Bohemian Rhapsody,audio/mp3,"Iconic rock ballad combining various musical styles, telling a dramatic and mysterious story.",Queen,,1975,yes,,rock;classic rock;1970s music,"London, UK",,,,,Music Streaming Platform,,,Bohemian_Rhapsody-Queen,Educational use,https://rightsstatements.org/vocab/InC-EDU/1.0/,Sound,eng,
col06,lose_yourself.mp3,,Lose Yourself,audio/mp3,Hip-hop anthem encouraging perseverance and seizing life’s pivotal moments.,Eminem,,2002,yes,,hip-hop;rap;motivational music,"Detroit, USA",,,,,Music Streaming Platform,,,Lose_Yourself - Eminem,Educational use,https://rightsstatements.org/vocab/InC-EDU/1.0/,Sound,eng,
col07,Nothing_without_you - Dr tumi.mp3,,Nothing without you,audio/mp3,"Gospel song expressing devotion and reliance on faith, performed by Dr Tumi.",Dr Tumi,,2016,yes,,gospel;worship;faith,South Africa,,,,,Music Streaming Platform,,,Nothing_without_you - Dr tumi,Educational use,https://rightsstatements.org/vocab/InC-EDU/1.0/,Sound,eng,
col08,sohlala_sisonke.mp3,,Sohlala Sisonke,audio/mp3,A collaborative South African track embodying unity and togetherness in Amapiano style.,Dlala Thukzin,,2022,yes,,Amapiano;music;collaboration,South Africa,,,,,Music Streaming Platform,,,sohlala_sisonke,Educational use,https://rightsstatements.org/vocab/InC-EDU/1.0/,Sound,eng,
col09,inl_340 podcast.mp3,,INL 340 Podcast,audio/mp3,"Discussion about songs, books, and luxury items the group would take if stranded on an island.","SS (Sihle) Dladla, KW (Kean) Goldridge, FM (Fortune) Kgosana, MV (Vincent) Songo",,2024,yes,,podcast;music;books;luxury,South Africa,,,,,Personal recording,,,inl_340 podcast,Educational use,https://rightsstatements.org/vocab/InC-EDU/1.0/,Audio,eng,
col010,mg101_b6_f7_miscellanious_negatives_014.jpg,,Negative photograph of the development site of Robinson lake,image/jpeg,Negative photograph from overhead view of a lake either after or during its development. Photograph includes a storage structure and several dirt roads running around and into the lake.,"Robinson, Frank B.",,1935,yes,single-page; negatives,Recreation; Latah County,"Robinson Lake, Moscow, ID",46.755184,-116.909892,,"University of Idaho Library Digital Initiatives, https://www.lib.uidaho.edu/digital/","MG 101, Frank Bruce Robinson. Papers, 1929-1951, University of Idaho Library Special Collections and Archives",https://archiveswest.orbiscascade.org/ark:/80444/xv97133/op=fstyle.aspx?t=k&q=psychiana,"MG-101, Box 6, Folder - 'Miscellaneous Negatives'",mg101_b6_f7_miscellanious_negatives_014,"Educational use includes non-commercial use of text and images in materials for teaching and research purposes. Digital reproduction permissions granted by University of Idaho Library Special Collections and Archives Department. For other uses beyond free use, please contact University of Idaho Library Special Collections and Archives Department at libspec@uidaho.edu.",https://rightsstatements.org/vocab/InC-EDU/1.0/,Image;StillImage,eng,https://archiveswest.orbiscascade.org/ark:/80444/xv97133/op=fstyle.aspx?t=k&q=psychiana
col011,mg101_b6_frank_robinson_negatives_009.jpg,,I Talked With God Advertisement,image/jpeg,"Photograph of Psychiana Advertisement pinned to a board, reads 'I TALKED WITH GOD...'",,,1935,yes,single-page; photographs,Advertising,"Spokane, WA",47.65557,-117.419063,,"University of Idaho Library Digital Initiatives, https://www.lib.uidaho.edu/digital/","MG 101, Frank Bruce Robinson. Papers, 1929-1951, University of Idaho Library Special Collections and Archives",https://archiveswest.orbiscascade.org/ark:/80444/xv97133/op=fstyle.aspx?t=k&q=psychiana,"MG-101, Box 6, Folder - 'Frank B. Robinson Negatives'",mg101_b6_frank_robinson_negatives_009,"Educational use includes non-commercial use of text and images in materials for teaching and research purposes. Digital reproduction permissions granted by University of Idaho Library Special Collections and Archives Department. For other uses beyond free use, please contact University of Idaho Library Special Collections and Archives Department at libspec@uidaho.edu.",https://rightsstatements.org/vocab/InC-EDU/1.0/,Image;StillImage,eng,https://archiveswest.orbiscascade.org/ark:/80444/xv97133/op=fstyle.aspx?t=k&q=psychiana
col012,mg101_b6_photographs_02.jpg,,Photograph of Frank B. Robinson in his Duesenberg Convertible Coupe,image/jpeg,Photograph of view of Frank B. Robinson sitting in the driver's side of his Duesenberg convertible coupe at the curb in front of his house.,,,1935,yes,single-page; photographs,Duesenberg Convertible Coupe; Home,"Moscow, ID",46.733027,-116.992443,,"University of Idaho Library Digital Initiatives, https://www.lib.uidaho.edu/digital/","MG 101, Frank Bruce Robinson. Papers, 1929-1951, University of Idaho Library Special Collections and Archives",https://archiveswest.orbiscascade.org/ark:/80444/xv97133/op=fstyle.aspx?t=k&q=psychiana,"MG-101, Box 6, Folder - 'Photographs'",mg101_b6_photographs_02,"Educational use includes non-commercial use of text and images in materials for teaching and research purposes. Digital reproduction permissions granted by University of Idaho Library Special Collections and Archives Department. For other uses beyond free use, please contact University of Idaho Library Special Collections and Archives Department at libspec@uidaho.edu.",https://rightsstatements.org/vocab/InC-EDU/1.0/,Image;StillImage,eng,https://archiveswest.orbiscascade.org/ark:/80444/xv97133/op=fstyle.aspx?t=k&q=psychiana
col013,mg101_b6_photographs_06.jpg,,Photograph of Frank B. Robinson beside his Duesenberg Convertible Coupe,image/jpeg,Photograph of Frank B. Robinson standing outside the passenger side of his Duesenberg Convertible Coupe with a park in the background.,,,1934,yes,single-page; photographs,Duesenberg Convertible Coupe,,,,,"University of Idaho Library Digital Initiatives, https://www.lib.uidaho.edu/digital/","MG 101, Frank Bruce Robinson. Papers, 1929-1951, University of Idaho Library Special Collections and Archives",https://archiveswest.orbiscascade.org/ark:/80444/xv97133/op=fstyle.aspx?t=k&q=psychiana,"MG-101, Box 6, Folder - 'Photographs'",mg101_b6_photographs_06,"Educational use includes non-commercial use of text and images in materials for teaching and research purposes. Digital reproduction permissions granted by University of Idaho Library Special Collections and Archives Department. For other uses beyond free use, please contact University of Idaho Library Special Collections and Archives Department at libspec@uidaho.edu.",https://rightsstatements.org/vocab/InC-EDU/1.0/,Image;StillImage,eng,https://archiveswest.orbiscascade.org/ark:/80444/xv97133/op=fstyle.aspx?t=k&q=psychiana
col014,mg101_b6_photographs_26.jpg,,"Label of a photograph mailed from Frank B. Robinson to his son, Albert B. Robinson",image/jpeg,"Photograph of a brown paper label torn from a package used to mail a photograph from Frank B. Robinson to Alfred B. Robinson, including addresses and postage.",,,1948-01-20,,single-page; photographs,Mailings; Alfred B. Robinson,,,,,"University of Idaho Library Digital Initiatives, https://www.lib.uidaho.edu/digital/","MG 101, Frank Bruce Robinson. Papers, 1929-1951, University of Idaho Library Special Collections and Archives",https://archiveswest.orbiscascade.org/ark:/80444/xv97133/op=fstyle.aspx?t=k&q=psychiana,"MG-101, Box 6, Folder - 'Photographs'",mg101_b6_photographs_26,"Educational use includes non-commercial use of text and images in materials for teaching and research purposes. Digital reproduction permissions granted by University of Idaho Library Special Collections and Archives Department. For other uses beyond free use, please contact University of Idaho Library Special Collections and Archives Department at libspec@uidaho.edu.",https://rightsstatements.org/vocab/InC-EDU/1.0/,Image;StillImage,eng,https://archiveswest.orbiscascade.org/ark:/80444/xv97133/op=fstyle.aspx?t=k&q=psychiana
col015,mg101_b6_psychiana_photographs_001.jpg,,"Photograph of Corner Drug Store in Moscow, ID",image/jpeg,"Photograph of the corner drug store in Moscow, Idaho where Frank Robinson worked as a clerk and wrote the first lessons of Psychiana.",,,1935,yes,single-page; photographs,"Moscow, Idaho; Drug Store Clerk","Moscow, ID",46.732505,-117.001181,,"University of Idaho Library Digital Initiatives, https://www.lib.uidaho.edu/digital/","MG 101, Frank Bruce Robinson. Papers, 1929-1951, University of Idaho Library Special Collections and Archives",https://archiveswest.orbiscascade.org/ark:/80444/xv97133/op=fstyle.aspx?t=k&q=psychiana,"MG-101, Box 6, Folder - 'Psychiana Photographs'",mg101_b6_psychiana_photographs_001,"Educational use includes non-commercial use of text and images in materials for teaching and research purposes. Digital reproduction permissions granted by University of Idaho Library Special Collections and Archives Department. For other uses beyond free use, please contact University of Idaho Library Special Collections and Archives Department at libspec@uidaho.edu.",https://rightsstatements.org/vocab/InC-EDU/1.0/,Image;StillImage,eng,https://archiveswest.orbiscascade.org/ark:/80444/xv97133/op=fstyle.aspx?t=k&q=psychiana
col016,mg101_b7_f13_007.pdf,,Untitled illustration of hungry man,application/pdf,"A flyer featuring an untitled illustration of a man standing outside of a restaurant, looking hungrily at food he cannot afford to buy.",,,1942,yes,single-page; flyers,"Material Abundance; God-Realm; Wealth; Spirit of God, God-Power;  Hardships; Illustrations",,,,,"University of Idaho Library Digital Initiatives, https://www.lib.uidaho.edu/digital/","MG 101, Frank Bruce Robinson. Papers, 1929-1951, University of Idaho Library Special Collections and Archives",https://archiveswest.orbiscascade.org/ark:/80444/xv97133/op=fstyle.aspx?t=k&q=psychiana,"MG-101, Box 7, Folder 13",mg101_b7_f13_007,"Educational use includes non-commercial use of text and images in materials for teaching and research purposes. Digital reproduction permissions granted University of Idaho Library Special Collections and Archives Department. For other uses beyond free use, please contact University of Idaho Library Special Collections and Archives Department at libspec@uidaho.edu.",https://rightsstatements.org/vocab/InC-EDU/1.0/,Text,eng,https://archiveswest.orbiscascade.org/ark:/80444/xv97133/op=fstyle.aspx?t=k&q=psychiana
col017,mg101_b7_f23_005.pdf,,Business Reply Card [01],application/pdf,"A postage-paid, business reply card addressed to Psychiana headquarters.","Psychiana, Inc.",Gentlemen,1941,yes,postcard; reply cards,"Power; Spirit of God, God-Power;  Free; Information",,,,,"University of Idaho Library Digital Initiatives, https://www.lib.uidaho.edu/digital/","MG 101, Frank Bruce Robinson. Papers, 1929-1951, University of Idaho Library Special Collections and Archives",https://archiveswest.orbiscascade.org/ark:/80444/xv97133/op=fstyle.aspx?t=k&q=psychiana,"MG-101, Box 7, Folder 23",mg101_b7_f23_005,"Educational use includes non-commercial use of text and images in materials for teaching and research purposes. Digital reproduction permissions granted by University of Idaho Library Special Collections and Archives Department. For other uses beyond free use, please contact University of Idaho Library Special Collections and Archives Department at libspec@uidaho.edu.",https://rightsstatements.org/vocab/InC-EDU/1.0/,Text,eng,https://archiveswest.orbiscascade.org/ark:/80444/xv97133/op=fstyle.aspx?t=k&q=psychiana
col018,mg101_b7_f23_041.pdf,,Order Blank,application/pdf,"Order form blank for Psychiana written materials with retail, cost, and profit columns.",,Sales Agents,1936,yes,single-page; order forms,Order Blank; Prices; Psychiana Publications,"New York, NY",40.713569,-74.023587,,"University of Idaho Library Digital Initiatives, https://www.lib.uidaho.edu/digital/","MG 101, Frank Bruce Robinson. Papers, 1929-1951, University of Idaho Library Special Collections and Archives",https://archiveswest.orbiscascade.org/ark:/80444/xv97133/op=fstyle.aspx?t=k&q=psychiana,"MG-101, Box 7, Folder 23",mg101_b7_f23_041,"Educational use includes non-commercial use of text and images in materials for teaching and research purposes. Digital reproduction permissions granted by University of Idaho Library Special Collections and Archives Department. For other uses beyond free use, please contact University of Idaho Library Special Collections and Archives Department at libspec@uidaho.edu.",https://rightsstatements.org/vocab/InC-EDU/1.0/,Text,eng,https://archiveswest.orbiscascade.org/ark:/80444/xv97133/op=fstyle.aspx?t=k&q=psychiana
col019,mg101_b7_f23_047.pdf,,A Sacred Trust,application/pdf,A single-page notice sent to members asking that they direct their thoughts to Hitler and to say 'YOU ARE OPPOSING THE SPIRIT OF GOD-YOU WILL LOSE.',"Tenney, C.W.",members,1933,yes,single-page; notices,Trust; Tenney; Duty; World War; Spirit of God; Psychiana Affirmations,,,,,University of Idaho Library Digital Initiatives - https://www.lib.uidaho.edu/digital/,"MG 101, Frank Bruce Robinson. Papers, 1929-1951, University of Idaho Library Special Collections and Archives",https://archiveswest.orbiscascade.org/ark:/80444/xv97133/op=fstyle.aspx?t=k&q=psychiana,"MG-101, Box 7, Folder 23",mg101_b7_f23_047,"Educational use includes non-commercial use of text and images in materials for teaching and research purposes. Digital reproduction permissions granted by University of Idaho Library Special Collections and Archives Department. For other uses beyond free use, please contact University of Idaho Library Special Collections and Archives Department at libspec@uidaho.edu.",https://rightsstatements.org/vocab/InC-EDU/1.0/,Text,eng,https://archiveswest.orbiscascade.org/ark:/80444/xv97133/op=fstyle.aspx?t=k&q=psychiana
col020,mg101_b7_f31_003.pdf,,Death to the Axis,application/pdf,Single-page form notice asks that the reader send in for the two free booklets now. Frank B. Robinson tells how he was a failure before he talked with God and now he has all his needs met.,,,1942,yes,single-page; notices,Hitler; Mussolini; Hirohito; Axis; World War,,,,,University of Idaho Library Digital Initiatives - https://www.lib.uidaho.edu/digital/,"MG 101, Frank Bruce Robinson. Papers, 1929-1951, University of Idaho Library Special Collections and Archives",https://archiveswest.orbiscascade.org/ark:/80444/xv97133/op=fstyle.aspx?t=k&q=psychiana,"MG-101, Box 7, Folder 31",mg101_b7_f31_003,"Educational use includes non-commercial use of text and images in materials for teaching and research purposes. Digital reproduction permissions granted by University of Idaho Library Special Collections and Archives Department. For other uses beyond free use, please contact University of Idaho Library Special Collections and Archives Department at libspec@uidaho.edu.",https://rightsstatements.org/vocab/InC-EDU/1.0/,Text,eng,https://archiveswest.orbiscascade.org/ark:/80444/xv97133/op=fstyle.aspx?t=k&q=psychiana
col021,mg101_b7_f31_026.pdf,,It Took the Manifestation of Adolf Hitler,application/pdf,Flyer that claims the appearance of Hitler and Nazi Germany will lead to the revelation of Psychiana to all peoples of the world.,,,1942,yes,single-page; flyers,Hitler; Spirit of God; Prayer; Speak Into Existence; Psychiana Affirmations,,,,,"University of Idaho Library Digital Initiatives, https://www.lib.uidaho.edu/digital/","MG 101, Frank Bruce Robinson. Papers, 1929-1951, University of Idaho Library Special Collections and Archives",https://archiveswest.orbiscascade.org/ark:/80444/xv97133/op=fstyle.aspx?t=k&q=psychiana,"MG-101, Box 7, Folder 31",mg101_b7_f31_026,"Educational use includes non-commercial use of text and images in materials for teaching and research purposes. Digital reproduction permissions granted by University of Idaho Library Special Collections and Archives Department. For other uses beyond free use, please contact University of Idaho Library Special Collections and Archives Department at libspec@uidaho.edu.",https://rightsstatements.org/vocab/InC-EDU/1.0/,Text,eng,https://archiveswest.orbiscascade.org/ark:/80444/xv97133/op=fstyle.aspx?t=k&q=psychiana